Date,Company,Location Name,Employee Count,kWh,Gallons of Water,Square footage of location,Operations Carbon footprint,Shipping Carbon Footprint,Miles Traveled for Business,% renewable energy,Total Waste,Waste lanfdfilled (%),Waste recycled (%),Waste composted (%),Hazardous waste (%),Hazardous waste propoer disposal,Recycled materials used (%),Non-recycled materials used (%),Total scrap,Total recordable incedents,Dart rate,Whistleblower instances,ISO 14001 Certified,Coal used,Petroleum used,Natural gas used,Shale used,Heavy oil used,Monthly sales,Cost electricity,Cost water,Cost waste
06/09/2020,ACME North,Loc C,693,575074,30460,18738,13,11,17375,0.86,48191,0.7027,0.8716,0.4957,0.6833,No,0.2922,0.4223,29506,,8,2.87,Yes,Yes,Yes,Yes,No,No,1820525,19141,498,7116
06/02/2020,ACME North,Loc C,422,565000,58432,21665,14,14,23307,0.84,5755,0.9968,0.3321,0.1343,0.7002,Yes,0.8807,0.4397,25527,,11,2.45,Yes,Yes,Yes,No,No,Yes,1242516,4984,6864,11451
08/10/2020,ACME North,Loc B,144,264188,40336,15224,16,12,11522,0.74,19593,0.1612,0.0414,0.4727,0.861,Yes,0.0512,0.209,27583,,4,2.72,Yes,No,Yes,No,Yes,Yes,360407,26363,18375,24836
02/28/2020,ACME North,Loc B,260,349604,59902,17024,17,11,9076,0.43,27684,0.0924,0.6751,0.2385,0.5283,Yes,0.9689,0.3055,23326,,11,2.87,Yes,No,No,No,No,No,1921221,14424,7097,24479
01/30/2020,ACME North,Loc C,367,375102,25582,22201,10,16,32530,0.81,30478,0.1438,0.9006,0.3292,0.3204,Yes,0.9238,0.222,27525,,,1.37,No,No,Yes,Yes,No,Yes,1524200,27341,18764,26472
04/01/2020,ACME North,Loc C,536,356166,28290,13413,13,15,32474,0.34,47180,0.9143,0.5739,0.7942,0.1606,Yes,0.0187,0.0151,20395,,2,2.98,No,Yes,Yes,No,Yes,Yes,1713431,27967,16080,6626
09/08/2020,ACME North,Loc C,132,307402,34635,12439,13,14,43233,0.6,49699,0.5173,0.9988,0.1723,0.831,Yes,0.8826,0.2603,26625,,9,2.7,Yes,Yes,No,No,Yes,No,1399088,26783,12067,21609
06/14/2020,ACME North,Loc C,832,358787,22318,21359,20,10,25785,0.38,29734,0.4623,0.1877,0.9667,0.0793,Yes,0.7785,0.6924,22006,,5,1.31,No,No,Yes,Yes,No,Yes,1145741,14567,18107,12884
08/12/2020,ACME North,Loc B,453,205176,29587,12785,12,18,20754,0.59,47067,0.259,0.5628,0.7099,0.1668,Yes,0.6914,0.2589,21266,1,,1.97,No,Yes,No,Yes,Yes,No,828953,24406,9321,848
02/07/2020,ACME North,Loc B,211,240717,31087,12373,18,14,6032,0.36,12577,0.0396,0.1803,0.0772,0.7761,Yes,0.3249,0.1826,20946,,9,2.98,No,No,No,No,Yes,Yes,2779877,18324,15000,2321
06/10/2020,ACME North,Loc C,736,327297,52813,19836,16,19,29415,0.37,35430,0.4262,0.3123,0.9484,0.7219,Yes,0.5062,0.3175,21916,,5,2.08,Yes,No,No,Yes,No,No,1013138,28942,24601,6777
07/21/2020,ACME North,Loc B,94,563605,42544,15755,12,13,34646,0.99,30230,0.1649,0.7883,0.3075,0.8852,Yes,0.6813,0.5634,23617,5,7,2.48,No,Yes,No,No,No,Yes,674295,25170,5411,16041
05/23/2020,ACME North,Loc B,259,454546,52617,12703,10,20,41310,0.73,45642,0.3033,0.0564,0.2835,0.1121,Yes,0.4375,0.8226,25118,,3,1.86,No,No,No,No,Yes,No,779848,20109,2408,13840
03/29/2020,ACME North,Loc C,131,409444,31014,18007,17,18,9429,0.76,10489,0.8867,0.9229,0.8348,0.6909,Yes,0.9562,0.107,24502,,12,2.07,Yes,No,No,No,No,Yes,243961,25090,3849,28943
03/31/2020,ACME North,Loc B,806,480481,31066,18242,17,14,26420,0.8,22153,0.1179,0.4783,0.4429,0.9486,No,0.0803,0.5602,27449,,,1.7,Yes,Yes,Yes,Yes,No,Yes,1485705,11445,2853,18529
10/25/2020,ACME North,Loc C,36,499497,43094,22784,12,16,25129,0.15,43360,0.634,0.9519,0.6446,0.2382,Yes,0.0736,0.3725,25341,,,2.21,No,Yes,No,No,No,Yes,2366963,11686,28163,25765
03/17/2020,ACME North,Loc C,104,542781,24461,19329,19,12,23036,0.65,22566,0.0084,0.1725,0.1753,0.7002,Yes,0.3045,0.6876,29628,,7,1.65,Yes,No,Yes,Yes,No,Yes,1525897,24939,3310,4836
04/20/2020,ACME North,Loc A,70,596081,56139,14602,15,15,10729,0.08,7807,0.0499,0.6504,0.6998,0.9417,Yes,0.1988,0.3084,22603,,2,2.69,Yes,No,No,No,No,No,2771484,15215,3080,21626
04/30/2020,ACME North,Loc B,28,569237,32021,20100,18,16,14712,0.08,27853,0.5707,0.7886,0.2453,0.3827,Yes,0.4305,0.742,23619,,11,1.13,No,No,Yes,No,Yes,No,703806,22693,20847,25165
10/09/2020,ACME North,Loc C,235,431514,25853,21271,14,13,41926,0.95,11985,0.1887,0.0116,0.0799,0.6745,Yes,0.6414,0.9194,27163,,,1.55,No,No,No,No,No,Yes,2377242,15008,16128,14165
07/28/2020,ACME North,Loc C,896,420930,58311,19083,10,14,17086,0.19,26295,0.0045,0.806,0.1277,0.758,Yes,0.151,0.2553,20568,,6,2.79,No,No,No,Yes,No,No,1093940,5557,6826,8342
04/23/2020,ACME North,Loc C,538,372342,46917,15879,10,11,11747,0.63,21312,0.9518,0.8997,0.9171,0.5425,Yes,0.572,0.7695,25612,,12,2.8,Yes,Yes,No,No,No,Yes,2393965,13181,3201,24630
06/03/2020,ACME North,Loc C,211,247846,44246,20025,10,17,30840,0.77,29840,0.2241,0.3845,0.689,0.7999,Yes,0.119,0.5377,26110,,11,2.85,No,Yes,No,No,No,No,2446449,10890,4638,16998
09/20/2020,ACME North,Loc C,720,497866,24949,18980,17,14,39681,0.81,38952,0.4114,0.4619,0.6812,0.4416,Yes,0.3182,0.2333,21282,,12,1.09,No,No,Yes,No,No,No,297917,13602,24706,21903
04/25/2020,ACME North,Loc B,882,561838,31416,21779,12,15,14310,0.49,44386,0.0919,0.201,0.1879,0.4908,Yes,0.8246,0.2208,21957,,9,2.42,No,No,Yes,Yes,No,No,381972,14741,14302,4368
02/05/2020,ACME North,Loc C,851,444338,36768,14889,16,13,35437,0.09,41747,0.4361,0.2435,0.2317,0.3589,Yes,0.5951,0.5207,29592,,,2.66,No,No,Yes,Yes,No,Yes,2004817,3371,22268,24744
02/22/2020,ACME North,Loc C,690,585311,30073,17514,20,19,45692,0.27,38126,0.5561,0.6208,0.4558,0.8892,Yes,0.5647,0.9227,28756,,,1.54,No,Yes,Yes,Yes,Yes,Yes,1748858,12981,550,10323
05/31/2020,ACME North,Loc B,196,297006,31853,19537,16,18,27631,0.48,38518,0.3284,0.3265,0.3682,0.4598,Yes,0.9557,0.3549,22703,,,1.89,No,Yes,No,Yes,No,Yes,1733332,19484,28927,27680
08/25/2020,ACME North,Loc B,458,344166,45704,18553,20,11,12894,0.08,15235,0.7026,0.9319,0.9162,0.8885,Yes,0.8601,0.9073,20872,,,2.75,Yes,No,No,Yes,Yes,No,369654,9663,2219,6330
07/07/2020,ACME North,Loc C,514,422603,45755,13461,18,12,45203,0.69,9970,0.1754,0.2169,0.1703,0.8118,Yes,0.8457,0.1227,20218,,6,1.55,No,No,Yes,Yes,No,No,486478,7171,19181,4653
09/11/2020,ACME North,Loc B,473,470758,49112,14006,13,17,27534,0.97,23688,0.8743,0.8832,0.2839,0.6933,Yes,0.6822,0.722,26593,,12,2.26,No,Yes,No,No,Yes,No,1230234,17511,25134,16998
10/04/2020,ACME North,Loc B,779,582191,21793,21100,11,12,28711,0.66,17007,0.9949,0.9729,0.3716,0.2694,Yes,0.4897,0.3644,21096,,5,1.28,No,Yes,Yes,No,No,No,526929,1813,28644,28254
01/13/2020,ACME North,Loc B,928,471916,29520,14160,17,15,42937,0.29,36078,0.2306,0.4271,0.8337,0.6658,Yes,0.9165,0.6885,25704,,,2.7,No,Yes,No,No,No,No,2254258,5682,2435,20048
09/10/2020,ACME North,Loc B,925,563471,23943,15819,19,13,45821,0.31,6502,0.3915,0.0658,0.8797,0.0921,Yes,0.5453,0.7093,20999,1,,2.31,No,Yes,Yes,No,No,Yes,2760770,27852,28024,12910
06/15/2020,ACME North,Loc C,175,471080,56994,21473,12,17,16711,0.67,9467,0.4461,0.1818,0.2066,0.237,Yes,0.6333,0.8478,27431,,11,2.92,Yes,Yes,Yes,Yes,Yes,No,1502418,21904,26893,14454
05/27/2020,ACME North,Loc B,846,229086,37789,23288,10,18,31870,0.93,29341,0.582,0.447,0.2552,0.1422,Yes,0.1098,0.6681,24075,,,1.01,Yes,No,Yes,No,Yes,Yes,2443109,15523,17215,10215
09/04/2020,ACME North,Loc C,475,534250,42516,14354,20,10,34585,0.67,7369,0.4869,0.085,0.9418,0.6728,Yes,0.9467,0.3463,27853,,3,2.24,Yes,Yes,No,Yes,No,No,1232277,6542,16242,177
08/29/2020,ACME North,Loc C,261,469802,20603,14364,18,18,25344,0.99,10720,0.3844,0.9488,0.8832,0.8657,Yes,0.1666,0.7802,24795,,,1.11,No,No,Yes,No,No,No,1692997,26326,8725,26269
03/12/2020,ACME North,Loc C,896,428618,58439,20401,18,16,14235,0.91,49362,0.9049,0.9492,0.1787,0.9476,Yes,0.2306,0.4043,20404,3,,1.67,No,Yes,No,Yes,Yes,No,2816303,5023,8537,25410
02/27/2020,ACME North,Loc C,810,263963,57580,15091,20,15,17310,0.17,25680,0.0867,0.9455,0.5665,0.0654,Yes,0.1539,0.3984,25901,,3,1.25,No,No,No,No,Yes,No,780638,15516,2799,24328
10/17/2020,ACME North,Loc C,341,453943,46446,16325,17,13,19502,0.85,24236,0.5134,0.1148,0.911,0.8325,Yes,0.503,0.8832,20120,,9,1.38,No,No,No,Yes,No,Yes,2222821,4222,29749,13622
09/28/2020,ACME North,Loc C,975,357426,37429,20907,16,20,29144,0.98,15943,0.3549,0.9466,0.3695,0.4742,Yes,0.0414,0.5106,23360,3,,2.85,No,No,No,Yes,No,Yes,2177974,21998,22503,12471
03/30/2020,ACME North,Loc B,435,561946,47033,20658,16,15,36691,0.01,27116,0.6659,0.5391,0.7135,0.957,Yes,0.2251,0.6336,24153,3,,2.5,No,No,No,No,Yes,Yes,369530,19214,17414,10643
01/11/2020,ACME North,Loc C,882,497739,51063,13267,12,20,38750,0.11,28252,0.5754,0.5882,0.0188,0.5986,Yes,0.7846,0.5672,29779,,6,1.2,Yes,Yes,No,No,Yes,No,72967,12432,11910,22866
09/17/2020,ACME North,Loc C,103,363051,49377,17876,12,11,46390,0.52,30863,0.6013,0.3556,0.8761,0.7801,Yes,0.243,0.7588,29246,,,1.4,No,Yes,No,Yes,Yes,Yes,1643898,4198,19415,122
04/25/2020,ACME North,Loc B,327,411296,30437,15800,11,15,49833,0.02,45410,0.5725,0.2359,0.6019,0.1009,Yes,0.0481,0.3681,27856,,,2.87,Yes,No,No,Yes,No,No,2522359,20611,3507,11309
05/12/2020,ACME North,Loc B,95,548238,26413,15866,16,15,18631,0.19,27549,0.2497,0.4189,0.7848,0.7924,Yes,0.8243,0.7485,28264,,10,2.15,No,Yes,No,No,Yes,No,1318605,5202,17545,5200
08/04/2020,ACME North,Loc B,130,598234,56732,22690,14,16,21747,0.57,19008,0.3971,0.4448,0.3039,0.0246,Yes,0.3633,0.6998,23866,,,1.32,No,Yes,Yes,No,Yes,Yes,1556302,25775,17145,25071
02/03/2020,ACME North,Loc C,640,297932,45853,21035,14,10,19467,0.31,13178,0.4508,0.0614,0.9396,0.8036,Yes,0.4201,0.3215,23054,,10,2.21,Yes,Yes,No,No,No,Yes,1300710,19447,78,16872
03/10/2020,ACME North,Loc C,252,334190,44544,19555,10,18,18925,0.64,15606,0.2799,0.7421,0.5083,0.0611,Yes,0.0888,0.4707,22238,,9,2.9,Yes,Yes,Yes,No,No,Yes,897475,22584,714,25365
07/29/2020,ACME North,Loc C,569,373383,27123,22818,10,16,19698,0.85,16988,0.4799,0.5495,0.0477,0.3395,Yes,0.0004,0.578,25808,,1,1.5,No,Yes,No,No,No,No,2342508,25092,1058,6956
04/02/2020,ACME North,Loc A,858,573151,41931,23366,19,10,43904,0.88,35505,0.2474,0.5344,0.022,0.6566,Yes,0.871,0.6246,25794,,,2.59,No,No,Yes,Yes,Yes,No,1089806,1411,4269,5456
02/27/2020,ACME North,Loc C,779,432107,32894,12507,13,15,44788,0.7,20212,0.8857,0.6485,0.6678,0.8147,Yes,0.2285,0.9774,20440,,,1.86,Yes,Yes,Yes,No,Yes,No,2528918,28678,20475,11317
05/22/2020,ACME North,Loc B,366,276339,42582,20190,15,13,22157,0.75,46201,0.0849,0.5701,0.9059,0.2619,Yes,0.3237,0.1658,27662,,11,1.9,Yes,No,Yes,Yes,No,No,1333665,4768,19407,10657
08/19/2020,ACME North,Loc C,979,211103,50442,22179,13,18,48215,0.92,14461,0.0123,0.0532,0.5227,0.3037,Yes,0.356,0.4038,29128,,3,1.6,Yes,Yes,No,Yes,Yes,Yes,1397578,21142,4625,24950
09/06/2020,ACME North,Loc B,70,512975,52441,21647,11,10,37596,0.87,8696,0.2968,0.7793,0.0761,0.4421,Yes,0.9561,0.063,24475,,,2.98,Yes,Yes,Yes,No,No,Yes,877090,5590,14852,23677
05/09/2020,ACME North,Loc C,77,479631,54078,22995,19,16,8944,0.54,44478,0.7147,0.1605,0.2983,0.5114,Yes,0.4337,0.5676,22541,,5,2.93,No,No,Yes,Yes,Yes,Yes,2559099,12928,3460,11969
07/23/2020,ACME North,Loc C,208,389970,22489,13130,20,18,38965,0.95,6809,0.8243,0.8857,0.3605,0.0609,No,0.0086,0.4063,21750,,5,2.61,No,No,No,No,Yes,No,428757,7162,12938,23003
04/29/2020,ACME North,Loc C,389,249024,53405,21628,14,14,12273,0.2,26494,0.5671,0.2902,0.539,0.7488,Yes,0.4982,0.5556,22243,,8,1.97,No,No,No,No,Yes,No,1461837,23735,9616,14446
10/02/2020,ACME North,Loc B,720,300884,53770,13929,11,18,35102,0.42,35078,0.749,0.0008,0.1922,0.7249,Yes,0.0338,0.7489,27835,,,2.3,Yes,Yes,Yes,Yes,No,No,832191,29583,2770,23279
07/08/2020,ACME North,Loc A,285,234955,20827,16178,16,14,39066,0.48,29005,0.2553,0.3583,0.5882,0.9249,Yes,0.041,0.0328,28601,,,2.55,Yes,Yes,No,Yes,No,Yes,891957,9971,26117,6520
06/27/2020,ACME North,Loc C,457,408781,28137,18604,12,19,25670,0.36,11030,0.5582,0.5465,0.8098,0.9212,Yes,0.3635,0.1221,20657,,3,1.66,No,No,No,No,Yes,No,125469,24983,15537,4261
02/22/2020,ACME North,Loc C,439,259348,58855,23370,17,15,18872,0.02,38231,0.4539,0.3819,0.5382,0.6564,Yes,0.1384,0.1589,27789,,4,1.61,No,No,Yes,Yes,Yes,No,1606475,13853,19039,23025
10/23/2020,ACME North,Loc C,206,315034,53514,12796,13,19,29870,0.08,35700,0.3736,0.1361,0.0386,0.3833,Yes,0.4079,0.9469,25240,,,2.78,Yes,Yes,Yes,No,Yes,Yes,2472726,17739,17958,17568
02/01/2020,ACME North,Loc B,472,250451,58054,20279,13,16,33144,0.09,14590,0.2486,0.4841,0.4567,0.5285,Yes,0.3439,0.9709,26778,,,1.61,No,Yes,Yes,Yes,Yes,Yes,328403,3279,1179,1299
09/22/2020,ACME North,Loc B,205,372994,29361,20000,13,19,24312,0.49,6313,0.0284,0.4971,0.8615,0.4698,Yes,0.2905,0.4277,23177,,,1.15,No,Yes,No,Yes,No,Yes,522611,2682,3419,11217
09/16/2020,ACME North,Loc A,695,231392,46020,22053,10,11,42791,0.69,21626,0.4795,0.822,0.197,0.0171,Yes,0.9898,0.7514,20411,,,2.27,Yes,Yes,Yes,No,No,Yes,1301910,1904,28135,25377
06/08/2020,ACME North,Loc B,845,376076,25146,20200,16,10,46018,0.29,7830,0.1503,0.6112,0.0468,0.8903,Yes,0.5256,0.6131,29746,3,4,1.04,Yes,No,No,No,Yes,No,804676,6109,1938,15818
09/25/2020,ACME North,Loc C,799,497767,56095,13581,18,19,15875,0.21,40017,0.3265,0.2285,0.4701,0.7246,Yes,0.1341,0.5718,28497,,9,2.25,No,No,No,No,Yes,Yes,2361901,8852,29067,25242
05/04/2020,ACME North,Loc A,211,429555,38208,15501,16,16,38148,0.48,6313,0.2616,0.2007,0.2887,0.1309,Yes,0.7941,0.5005,28997,,,1.13,No,No,No,Yes,Yes,Yes,2756600,6248,13700,13818
02/12/2020,ACME North,Loc A,248,275683,42480,21473,13,15,12274,0.4,17405,0.5504,0.05,0.8257,0.5371,Yes,0.2767,0.2909,21167,2,12,1.36,Yes,No,Yes,No,No,Yes,1939799,7370,8440,27262
07/14/2020,ACME North,Loc C,674,447669,21579,21878,11,13,33056,0.44,17620,0.7606,0.0944,0.5475,0.7027,Yes,0.945,0.5863,24708,,6,2.93,No,Yes,No,Yes,Yes,No,70044,23010,6801,1293
05/24/2020,ACME North,Loc C,890,547234,59815,19872,18,10,40451,0.79,31561,0.7123,0.2941,0.34,0.1545,Yes,0.4704,0.8767,25185,,,2.13,Yes,Yes,Yes,No,Yes,No,3438,11821,29749,21967
04/27/2020,ACME North,Loc C,325,235213,45721,19070,11,11,33458,0.78,20231,0.8797,0.132,0.1349,0.5717,Yes,0.9946,0.5572,24248,,,2.78,Yes,No,Yes,Yes,Yes,Yes,2752293,22150,29099,19708
06/01/2020,ACME North,Loc A,405,526691,31402,13704,11,17,35594,0.89,48996,0.0746,0.4909,0.5835,0.8583,Yes,0.4565,0.0216,27195,,7,1.2,No,Yes,No,No,No,Yes,1035765,10559,26816,18100
06/03/2020,ACME North,Loc C,659,595664,38868,16098,12,12,25188,0.93,26143,0.6666,0.3774,0.9889,0.5153,Yes,0.1083,0.094,23353,,,1.76,Yes,No,Yes,No,No,No,1559927,17028,24277,23942
05/11/2020,ACME North,Loc C,45,350647,52986,13801,15,18,11407,0.7,27636,0.9036,0.9968,0.3856,0.3667,Yes,0.7471,0.1765,29909,,,1.83,No,Yes,No,No,No,Yes,2021723,7914,26797,1844
10/03/2020,ACME North,Loc C,467,300654,41380,19676,15,10,9716,0.46,21404,0.0264,0.3507,0.3023,0.6786,No,0.9434,0.8327,22987,,8,2.95,No,No,No,Yes,Yes,Yes,493549,26795,2941,27884
06/09/2020,ACME North,Loc C,750,266438,25792,17606,17,17,6557,0.64,46750,0.7488,0.6436,0.8454,0.7228,Yes,0.4074,0.7029,25472,,,2.65,No,No,No,Yes,No,Yes,189708,2414,10979,20428
02/21/2020,ACME North,Loc C,733,217240,50476,22187,13,14,46261,0.64,39173,0.962,0.5749,0.6655,0.6069,Yes,0.5277,0.0052,28774,,,2.29,No,No,Yes,No,Yes,Yes,2066266,5391,19706,25249
10/12/2020,ACME North,Loc B,498,489865,41380,18384,13,16,36509,0.06,48502,0.063,0.6938,0.4502,0.9116,Yes,0.4409,0.7444,25770,,12,2.02,No,Yes,No,No,Yes,No,682880,6333,22765,24695
05/22/2020,ACME North,Loc B,209,337449,36466,13076,11,12,42402,0.83,11993,0.0293,0.4786,0.3718,0.476,No,0.4106,0.5625,22078,1,11,1.22,Yes,Yes,No,Yes,No,No,1435256,28647,7959,16954
06/15/2020,ACME North,Loc C,70,290957,48628,15477,12,10,31720,0.6,10070,0.5611,0.3769,0.7854,0.8872,Yes,0.2576,0.028,28324,,12,1.38,No,No,Yes,No,No,No,642345,13671,5733,5523
01/24/2020,ACME North,Loc A,487,254355,44021,13505,16,16,38532,0.16,9481,0.8888,0.1235,0.4576,0.4079,Yes,0.8176,0.2602,22172,,,2.02,Yes,Yes,Yes,Yes,Yes,No,1072372,7551,24809,19245
06/08/2020,ACME North,Loc C,932,549999,56051,18950,10,20,13131,0.32,15213,0.362,0.3883,0.2877,0.1493,Yes,0.2782,0.9766,27699,,4,1.24,Yes,No,Yes,Yes,Yes,Yes,2773835,23659,4928,26264
03/20/2020,ACME North,Loc C,172,223437,50255,15452,20,18,24097,0.71,12613,0.1015,0.0647,0.7447,0.302,Yes,0.4799,0.748,23670,,,1.62,No,No,No,No,Yes,Yes,2357997,27517,28424,7911
08/01/2020,ACME North,Loc C,21,461839,41685,22711,13,17,25224,0.87,30554,0.8537,0.4683,0.1994,0.0609,Yes,0.8932,0.7829,25699,,10,2.62,No,No,Yes,Yes,Yes,No,2990217,6732,10314,3609
09/24/2020,ACME North,Loc A,655,421017,56140,19465,12,17,13559,0.28,23818,0.8933,0.7905,0.4049,0.0836,Yes,0.635,0.2644,20342,,4,1.55,No,No,Yes,No,Yes,Yes,1916100,23029,24159,9000
03/17/2020,ACME North,Loc A,59,498605,59988,18257,14,20,6957,0.06,36942,0.4707,0.7121,0.235,0.597,Yes,0.8523,0.7622,20969,,8,2.96,Yes,No,No,No,Yes,No,2209314,29067,4387,5457
01/18/2020,ACME North,Loc A,561,417600,52409,15739,18,19,13122,0.66,11872,0.2223,0.2743,0.465,0.0592,Yes,0.4093,0.6308,22435,,,1.26,No,No,Yes,No,No,Yes,214551,2730,11155,11995
01/04/2020,ACME North,Loc A,265,274347,57892,16805,12,10,45588,0.2,38580,0.5047,0.2724,0.6663,0.0131,Yes,0.1964,0.2916,20891,4,,2.39,Yes,No,Yes,No,No,No,1101079,17685,22779,14464
01/21/2020,ACME North,Loc A,803,500638,28803,14153,11,12,46955,0.74,27147,0.3865,0.3178,0.3862,0.0535,Yes,0.1199,0.6412,26552,,,2.74,No,No,Yes,Yes,Yes,Yes,1079023,5575,28263,26127
04/24/2020,ACME North,Loc C,789,247436,37090,20171,17,16,44990,0.9,18112,0.1349,0.3095,0.7608,0.3206,Yes,0.3919,0.9775,29129,,5,2.44,Yes,Yes,Yes,Yes,No,No,1276089,6876,13025,14945
01/23/2020,ACME North,Loc B,15,205114,32389,16937,11,17,43949,0.68,37606,0.1938,0.1428,0.9322,0.1447,Yes,0.1475,0.5676,23775,4,,2.84,No,No,Yes,Yes,Yes,Yes,1003934,19505,9066,27340
07/28/2020,ACME North,Loc A,624,587897,45148,15129,11,20,33113,0.3,11800,0.8647,0.1826,0.1094,0.2055,Yes,0.306,0.1557,23047,,,2.0,Yes,No,Yes,Yes,No,No,1020527,6310,23621,11805
08/15/2020,ACME North,Loc C,488,424415,42504,23244,12,16,29244,0.16,30688,0.55,0.2864,0.1353,0.2704,Yes,0.6715,0.5037,25467,,,2.58,No,No,No,No,Yes,No,2763631,18131,3031,14066
01/25/2020,ACME North,Loc C,672,462809,34328,18859,18,12,48422,0.23,32787,0.6268,0.2315,0.8466,0.8411,Yes,0.2595,0.443,21401,,,2.37,Yes,No,No,Yes,No,No,1409597,29050,26715,29300
02/08/2020,ACME North,Loc C,194,249157,59723,15186,19,20,18353,0.29,40755,0.5814,0.0095,0.3876,0.4962,Yes,0.6835,0.0518,26585,,,2.88,Yes,No,No,Yes,Yes,No,1750524,15193,25092,27509
04/17/2020,ACME North,Loc B,434,232220,54503,17389,19,13,15381,0.01,42488,0.5903,0.1211,0.8533,0.8784,Yes,0.5359,0.779,22372,,,2.09,Yes,Yes,Yes,Yes,Yes,Yes,2117083,2040,10124,19745
09/14/2020,ACME North,Loc B,396,351546,53893,15912,15,16,29330,0.95,21436,0.3386,0.1944,0.1722,0.2744,Yes,0.2773,0.4327,22729,,,1.53,No,Yes,No,No,Yes,Yes,1992880,17381,1669,19922
01/28/2020,ACME North,Loc C,55,500966,29614,18498,10,19,40302,0.67,12291,0.1802,0.2759,0.8557,0.9797,Yes,0.2223,0.4005,26193,,9,2.94,Yes,Yes,Yes,Yes,No,No,1691431,16912,16712,25923
07/20/2020,ACME North,Loc C,648,297428,46054,22461,16,12,43724,0.3,49866,0.7864,0.7583,0.1268,0.1066,Yes,0.3311,0.3616,25792,1,2,1.89,Yes,Yes,No,No,No,Yes,366913,14701,7061,16462
08/20/2020,ACME North,Loc B,611,370873,58540,23372,15,12,34811,0.55,16695,0.1799,0.2684,0.3515,0.533,Yes,0.7281,0.917,24018,,11,1.5,No,No,Yes,Yes,No,No,1790190,11971,16019,26708
04/22/2020,ACME North,Loc C,429,557595,33416,17347,13,16,34597,0.51,34528,0.4518,0.5712,0.045,0.5502,Yes,0.0697,0.0335,22325,,9,2.18,Yes,No,No,No,Yes,Yes,1417246,9239,19939,25360
04/19/2020,ACME North,Loc B,483,406008,38866,12819,15,12,7622,0.53,18927,0.3034,0.7235,0.1406,0.8156,Yes,0.3151,0.9697,21547,4,1,2.22,No,No,Yes,Yes,Yes,Yes,799866,26203,13034,17895
08/01/2020,ACME North,Loc B,632,539066,38757,12795,15,10,38152,0.76,30120,0.4611,0.6979,0.9844,0.7589,Yes,0.2583,0.8128,29132,,,1.71,No,Yes,No,No,Yes,No,2244155,17849,23938,7176
04/06/2020,ACME North,Loc C,350,229473,50084,19916,15,14,19624,0.88,33141,0.2429,0.3832,0.42,0.6896,Yes,0.9046,0.8954,25216,,,1.95,No,Yes,No,No,Yes,Yes,1880612,3920,29145,2698
10/07/2020,ACME North,Loc B,564,221014,53481,22484,16,15,29892,0.09,48843,0.75,0.5659,0.1851,0.1217,Yes,0.9974,0.2869,20916,,,1.22,Yes,No,Yes,Yes,Yes,No,2956176,14760,23635,27331
07/23/2020,ACME North,Loc C,176,245726,44194,19043,20,13,24016,0.83,36948,0.4932,0.8838,0.7078,0.8543,Yes,0.3834,0.1975,29673,,2,2.52,No,Yes,Yes,No,No,No,769301,18838,9712,16665
03/15/2020,ACME North,Loc B,649,514801,57470,14286,18,14,30286,0.54,21205,0.0661,0.5514,0.3567,0.4828,Yes,0.1106,0.3941,28088,,,1.54,No,Yes,No,No,Yes,Yes,778360,17308,9007,28767
02/12/2020,ACME North,Loc C,36,464399,38595,17798,12,15,25292,0.22,45884,0.8733,0.426,0.4875,0.3759,Yes,0.2973,0.8744,23199,,6,2.56,Yes,Yes,No,No,No,No,2622452,10464,20083,8862
09/01/2020,ACME North,Loc C,457,382451,37178,13395,15,17,29878,0.3,38917,0.0255,0.8076,0.4986,0.6365,No,0.3098,0.9531,24349,,11,1.99,Yes,Yes,No,Yes,Yes,No,1202938,27827,8723,5046
09/19/2020,ACME North,Loc B,865,380187,55792,13141,15,19,23681,0.76,19222,0.4653,0.5631,0.0334,0.1063,Yes,0.8349,0.4482,27564,,12,2.5,Yes,No,No,Yes,Yes,Yes,2015299,13940,1127,11625
08/22/2020,ACME North,Loc C,638,471774,30771,13357,17,16,39384,1.0,29026,0.7461,0.4561,0.7242,0.8189,Yes,0.9724,0.994,23291,,,1.96,Yes,No,Yes,No,No,Yes,534486,22048,17777,13360
07/30/2020,ACME North,Loc C,96,553516,43476,22152,20,10,8640,0.38,5134,0.2056,0.4975,0.7128,0.4551,Yes,0.8749,0.7262,27221,,7,2.95,No,No,Yes,No,Yes,Yes,141679,7527,15862,22522
06/23/2020,ACME North,Loc B,882,275351,42378,13488,16,15,17742,0.58,5789,0.716,0.6902,0.8442,0.774,Yes,0.1614,0.634,21352,,,1.18,No,No,Yes,Yes,Yes,Yes,368012,20264,14819,25211
05/23/2020,ACME North,Loc C,266,222672,56220,22693,19,15,27807,0.22,32947,0.5816,0.2565,0.8044,0.9409,Yes,0.7814,0.6028,25079,,10,1.58,Yes,Yes,No,No,No,Yes,1504664,7755,20422,1763
06/26/2020,ACME North,Loc B,701,446718,31581,13073,12,13,39397,0.92,44523,0.0181,0.4842,0.999,0.8473,Yes,0.7102,0.179,25676,,10,2.05,Yes,Yes,Yes,No,No,No,1310792,6954,912,1363
01/03/2020,ACME North,Loc B,862,518325,45964,15290,20,12,12530,0.22,12668,0.8027,0.4085,0.4817,0.4283,Yes,0.8829,0.6942,24732,,,2.62,No,Yes,No,Yes,No,Yes,668105,21470,16363,14295
05/16/2020,ACME North,Loc B,526,406568,50764,19246,16,10,25346,0.67,19808,0.8878,0.9449,0.7766,0.8447,Yes,0.4069,0.4017,25219,,5,2.25,Yes,No,No,No,No,No,676486,6918,11572,13437
04/04/2020,ACME North,Loc C,681,464584,32943,18901,10,15,29413,0.79,27476,0.7205,0.3198,0.8826,0.8367,Yes,0.3906,0.7846,29635,,,2.18,No,Yes,Yes,No,Yes,Yes,1990941,5622,3546,17162
05/24/2020,ACME North,Loc C,936,342097,23513,20041,14,20,5101,0.44,11355,0.5611,0.412,0.2533,0.095,Yes,0.4062,0.8454,22813,,,2.72,No,Yes,No,Yes,Yes,No,484523,27189,11622,324
08/11/2020,ACME North,Loc B,481,245126,54280,12975,15,12,48558,0.75,25027,0.9653,0.3673,0.1243,0.4879,Yes,0.2694,0.001,20966,,,2.92,Yes,No,No,Yes,Yes,No,116710,2778,14660,19900
02/17/2020,ACME North,Loc A,122,285274,41599,14389,11,12,10179,0.65,6365,0.9188,0.7466,0.3589,0.1121,Yes,0.9917,0.1535,21281,,9,1.82,No,Yes,No,Yes,Yes,Yes,2455342,17183,20424,29363
02/10/2020,ACME North,Loc C,158,456953,51736,23107,10,14,48570,0.5,21597,0.0445,0.0681,0.8969,0.9058,Yes,0.4365,0.3257,20655,,6,1.89,Yes,No,Yes,Yes,No,No,1584263,5052,15194,24496
08/22/2020,ACME North,Loc C,501,324152,28797,20045,14,17,13102,0.88,19277,0.6793,0.1939,0.7488,0.1188,Yes,0.8693,0.7707,21507,,9,2.87,No,Yes,Yes,No,Yes,No,1317829,16448,4922,7283
07/06/2020,ACME North,Loc C,521,360572,36568,19597,18,17,19296,0.66,47364,0.8342,0.4605,0.9471,0.0096,Yes,0.5861,0.8685,24929,,,2.16,No,Yes,No,No,No,No,1948148,6049,10077,10086
08/29/2020,ACME North,Loc A,304,414582,20270,13063,18,18,7896,0.38,27942,0.1469,0.7134,0.9705,0.0047,Yes,0.2307,0.5581,28327,,11,2.74,Yes,No,No,No,Yes,No,2261772,27038,19135,20052
07/19/2020,ACME North,Loc B,880,247680,28234,15689,13,15,39162,0.28,31919,0.3208,0.8186,0.6889,0.7959,Yes,0.5766,0.3698,26301,,,2.85,Yes,No,Yes,Yes,No,No,2719224,9164,25617,24037
03/25/2020,ACME North,Loc B,18,420852,22706,17167,19,10,35945,0.32,28387,0.507,0.3326,0.3263,0.4895,Yes,0.5736,0.6596,20434,,,1.94,Yes,Yes,No,No,No,Yes,592053,4770,21789,19605
09/23/2020,ACME North,Loc A,551,221559,26156,15014,17,16,15049,0.78,5889,0.1938,0.9903,0.1287,0.141,Yes,0.5111,0.4824,20764,,,1.08,Yes,No,Yes,No,Yes,Yes,1099288,12984,27735,24797
02/01/2020,ACME North,Loc C,570,424121,58570,15068,14,16,16343,0.45,32084,0.5574,0.8429,0.4653,0.6309,Yes,0.4258,0.5906,27975,,4,2.82,No,No,Yes,No,No,Yes,2768684,24668,916,4715
07/21/2020,ACME North,Loc A,145,384196,44006,18830,15,12,29857,0.19,33863,0.3455,0.2253,0.6039,0.9739,Yes,0.5766,0.0176,28864,,10,1.8,Yes,Yes,Yes,Yes,Yes,Yes,1018595,2397,5414,24990
01/13/2020,ACME North,Loc A,623,333662,54570,22936,10,17,39883,0.32,46306,0.7482,0.105,0.0714,0.6614,Yes,0.2991,0.1219,29281,,4,2.54,Yes,No,No,Yes,Yes,Yes,2054393,8232,4986,8614
09/02/2020,ACME North,Loc B,44,450191,25004,16514,10,19,6863,0.55,37905,0.5264,0.5372,0.7391,0.4757,Yes,0.8703,0.8919,29459,,4,1.18,Yes,Yes,Yes,Yes,No,No,2389942,4307,6192,26410
02/22/2020,ACME North,Loc C,928,401948,45658,14701,20,11,46051,0.48,30878,0.4925,0.5548,0.453,0.4359,Yes,0.923,0.2965,20134,,2,2.98,No,Yes,No,No,Yes,No,2545453,10862,25378,3590
02/01/2020,ACME North,Loc C,776,486970,27674,22192,17,11,50000,0.14,37377,0.8421,0.0646,0.4223,0.9268,Yes,0.5126,0.101,22474,,3,1.87,No,Yes,Yes,Yes,No,No,2359595,4999,828,8686
01/11/2020,ACME North,Loc A,985,205070,29559,20044,11,10,30518,0.45,26932,0.8484,0.6677,0.9718,0.9971,Yes,0.0596,0.5453,23584,,,1.98,Yes,No,No,No,No,Yes,2060756,5659,25375,28713
06/20/2020,ACME North,Loc C,945,484662,23651,19002,11,11,28528,0.35,46568,0.8176,0.211,0.9666,0.2199,No,0.2167,0.8483,27813,,,1.25,Yes,Yes,Yes,Yes,No,No,1864087,26570,9754,2707
01/06/2020,ACME North,Loc C,917,313742,46883,22209,20,13,36901,0.26,33052,0.8808,0.1374,0.647,0.9167,Yes,0.8905,0.2481,24238,,2,1.36,Yes,Yes,Yes,No,Yes,No,586971,10777,29982,18283
08/23/2020,ACME North,Loc A,307,450998,29566,17807,14,17,39338,0.71,8515,0.7264,0.3783,0.1592,0.0431,Yes,0.7053,0.5931,23945,,7,2.7,Yes,Yes,No,Yes,No,No,1347725,26418,18296,11434
10/16/2020,ACME North,Loc B,249,255937,21703,18530,15,15,43812,0.99,34387,0.8249,0.9991,0.6013,0.6619,Yes,0.9095,0.2673,25897,,12,2.37,No,Yes,Yes,No,No,No,983236,12102,27026,28989
01/05/2020,ACME North,Loc C,48,426046,44628,19497,13,17,38719,0.93,43524,0.888,0.297,0.5076,0.3824,Yes,0.5196,0.933,23377,,,2.14,No,Yes,No,No,No,Yes,1576396,29652,25528,5533
01/25/2020,ACME North,Loc B,78,321514,54715,16073,19,17,28557,0.4,23032,0.9734,0.7744,0.5829,0.2093,Yes,0.457,0.5979,24753,,4,1.3,Yes,No,Yes,No,Yes,Yes,1611684,11916,23189,19484
05/29/2020,ACME North,Loc C,218,556559,45979,20855,10,16,24656,0.19,39018,0.7488,0.335,0.6627,0.3954,Yes,0.1076,0.1677,20554,2,,2.25,No,Yes,No,Yes,No,Yes,369502,7692,10366,3391
03/12/2020,ACME North,Loc C,194,288064,38885,13692,17,12,37516,0.47,37192,0.1383,0.8721,0.2238,0.5606,Yes,0.4441,0.0594,27949,,,1.72,Yes,Yes,No,Yes,Yes,Yes,342916,18231,13617,21524
04/23/2020,ACME North,Loc C,681,567918,37182,17407,15,13,7480,0.48,6416,0.7009,0.8755,0.9145,0.1149,Yes,0.9228,0.8665,27020,,,1.29,No,Yes,Yes,No,No,No,1756820,24643,27912,4471
10/18/2020,ACME North,Loc B,962,378166,39796,22626,16,19,40404,0.04,42356,0.3156,0.876,0.3063,0.2434,Yes,0.1374,0.1594,26717,,3,1.51,No,No,No,No,No,No,1692235,7228,18755,27318
10/03/2020,ACME North,Loc C,700,593158,42855,14826,11,13,39886,0.16,11291,0.1437,0.7519,0.365,0.4825,Yes,0.6291,0.8915,25590,,5,2.87,Yes,No,No,No,Yes,No,2217595,11922,10082,8384
08/31/2020,ACME North,Loc A,473,305308,51787,22238,19,14,19001,0.8,12585,0.5984,0.8773,0.9055,0.5754,No,0.1607,0.1443,25275,4,6,2.72,No,No,Yes,No,No,No,1632849,5524,12418,14296
05/28/2020,ACME North,Loc A,652,592299,39060,19151,11,20,45231,0.5,20655,0.1316,0.7526,0.153,0.0314,Yes,0.6979,0.2297,24452,,,2.37,Yes,Yes,Yes,No,No,No,2745032,20836,8283,7224
08/04/2020,ACME North,Loc C,886,276504,29428,21838,15,11,25376,0.97,47275,0.5497,0.8872,0.9449,0.6615,Yes,0.3896,0.7693,22394,,,2.48,Yes,No,Yes,Yes,No,Yes,1867715,14816,16511,19633
04/22/2020,ACME North,Loc C,86,366724,50467,15442,13,10,11997,0.33,43968,0.2614,0.9271,0.998,0.6046,Yes,0.3667,0.9519,26758,,8,1.18,No,Yes,Yes,No,Yes,Yes,618666,9173,25030,23679
07/07/2020,ACME North,Loc B,56,542137,26677,19043,13,16,45852,0.98,12839,0.0894,0.7398,0.6603,0.5877,Yes,0.1358,0.7683,21093,,,2.01,Yes,No,Yes,No,No,No,882602,15977,153,12066
06/28/2020,ACME North,Loc B,658,446800,52595,15881,10,19,33982,0.02,31080,0.7139,0.5478,0.9969,0.1928,Yes,0.8692,0.1969,23356,,9,2.06,No,No,No,No,No,Yes,862683,9973,14990,26226
02/25/2020,ACME North,Loc C,93,527948,32708,17479,20,15,31521,0.12,48639,0.0581,0.453,0.4133,0.3421,Yes,0.384,0.1466,24788,,,1.62,Yes,No,No,No,No,No,2510710,5502,19784,20105
09/14/2020,ACME North,Loc A,950,231211,53827,14897,12,11,18909,0.04,34295,0.1812,0.6921,0.9008,0.6889,Yes,0.3742,0.5535,28146,,,2.0,No,Yes,No,No,Yes,Yes,1833030,23413,242,24056
04/07/2020,ACME North,Loc C,70,394426,41936,14734,11,10,23698,0.52,17455,0.9162,0.569,0.8948,0.8033,Yes,0.5304,0.8743,28664,,,2.58,Yes,Yes,No,Yes,Yes,No,333747,13742,8297,9236
03/23/2020,ACME North,Loc B,846,334729,45626,19510,18,17,44427,0.93,26335,0.5882,0.3408,0.3738,0.5422,Yes,0.432,0.6282,27680,,11,2.97,No,Yes,No,No,Yes,Yes,1581196,19887,24552,1053
06/15/2020,ACME North,Loc B,499,466042,36318,15408,13,14,27094,0.87,8763,0.0075,0.4371,0.3291,0.1219,Yes,0.7985,0.1209,24495,,3,1.76,Yes,Yes,No,Yes,No,No,272474,10144,29117,954
02/09/2020,ACME North,Loc C,16,477104,53206,16756,17,12,39301,0.97,30768,0.0664,0.9951,0.6449,0.9374,Yes,0.7272,0.7433,21736,5,3,2.71,Yes,Yes,Yes,Yes,No,No,1152973,2120,23713,6309
04/12/2020,ACME North,Loc A,989,429446,40541,17865,14,12,24082,0.27,47252,0.4088,0.0161,0.8082,0.2042,Yes,0.6128,0.5304,25405,,,1.36,No,No,No,Yes,No,No,825346,8965,6183,7582
07/20/2020,ACME North,Loc A,676,554437,43472,20645,10,13,31825,0.58,37127,0.8542,0.5582,0.919,0.6098,Yes,0.1302,0.356,25267,4,,2.72,No,No,No,Yes,Yes,Yes,329403,12842,5622,12577
04/03/2020,ACME North,Loc C,157,364864,39609,18319,20,11,19835,0.92,28029,0.1964,0.1472,0.6041,0.9714,Yes,0.8958,0.4934,25614,,12,1.42,Yes,Yes,Yes,Yes,Yes,No,2424573,10621,24700,6710
05/18/2020,ACME North,Loc C,40,431476,52396,13525,10,17,38329,0.68,7820,0.0028,0.1337,0.9814,0.5146,Yes,0.6697,0.9186,23959,,5,1.94,No,No,No,No,Yes,Yes,468559,12477,11794,20255
02/05/2020,ACME North,Loc C,938,555643,47650,22128,19,20,7486,0.08,30697,0.3747,0.3838,0.7198,0.0652,Yes,0.4222,0.914,29104,,10,2.12,Yes,No,No,Yes,Yes,No,1626383,12390,9620,25804
04/06/2020,ACME North,Loc B,791,334549,49649,17694,14,10,27683,0.15,34423,0.639,0.2022,0.0363,0.0594,Yes,0.3168,0.4583,27934,,,2.78,No,No,Yes,No,Yes,No,2049119,1253,16976,21482
04/14/2020,ACME North,Loc A,923,552228,24421,15440,10,18,44045,0.09,19596,0.5797,0.8904,0.8096,0.8206,Yes,0.8351,0.6473,24266,,9,2.55,Yes,No,No,Yes,No,Yes,2184723,26898,10522,23643
03/07/2020,ACME North,Loc B,967,488108,45043,16814,19,13,46736,0.4,11719,0.126,0.3175,0.4692,0.9319,Yes,0.0908,0.4543,27832,,,2.9,No,Yes,No,No,No,Yes,2821063,19952,17685,25912
09/01/2020,ACME North,Loc C,103,209802,46953,23311,14,14,49267,0.34,39456,0.8222,0.6181,0.9625,0.9376,Yes,0.4787,0.6167,22589,,,1.11,No,Yes,Yes,No,No,No,1899948,27252,13887,20534
08/17/2020,ACME North,Loc B,72,594729,24991,21284,15,19,29966,0.05,8874,0.3757,0.1936,0.9322,0.355,Yes,0.0953,0.4492,23866,5,12,2.03,No,Yes,Yes,Yes,No,No,2507889,1224,15730,13445
05/20/2020,ACME North,Loc B,148,232222,27315,13229,14,15,18206,0.89,45710,0.8436,0.4248,0.6208,0.6092,Yes,0.0229,0.1679,26717,,5,2.53,Yes,No,No,Yes,Yes,No,271388,26650,27716,21160
06/18/2020,ACME North,Loc C,127,394312,49636,13745,16,19,30061,0.55,21246,0.7257,0.7831,0.8611,0.8489,No,0.7501,0.6929,26461,,8,2.53,Yes,No,No,Yes,Yes,Yes,1414725,5020,12999,19210
10/08/2020,ACME North,Loc C,119,429782,36259,21063,11,19,26003,0.91,28740,0.8178,0.2303,0.9456,0.3231,Yes,0.7851,0.5251,25501,,,2.23,No,No,No,No,Yes,No,534551,9789,28598,10639
08/23/2020,ACME North,Loc C,959,273324,54823,18737,20,11,47426,0.99,5610,0.7712,0.2729,0.5968,0.0119,No,0.5873,0.5147,21761,5,,2.43,Yes,No,No,No,Yes,Yes,1186719,4360,21267,24224
05/02/2020,ACME North,Loc A,748,432332,46655,15024,17,15,18633,0.54,21287,0.7279,0.6356,0.4215,0.0681,Yes,0.8095,0.7446,22256,,,2.41,Yes,No,Yes,No,No,No,1494800,2960,12410,18950
04/10/2020,ACME North,Loc B,261,366888,25181,16852,14,16,23183,0.88,37956,0.519,0.231,0.4659,0.0366,Yes,0.866,0.0602,20236,,8,1.79,No,Yes,Yes,Yes,No,Yes,127276,6830,8429,23810
08/15/2020,ACME North,Loc A,948,256528,51572,22517,17,12,26526,0.44,13082,0.3052,0.3731,0.0765,0.8,Yes,0.8463,0.8167,28346,,,1.86,No,Yes,No,Yes,Yes,Yes,1570590,23554,17692,21542
07/01/2020,ACME North,Loc B,667,474255,58489,16496,17,13,33653,0.11,25624,0.1091,0.1627,0.2789,0.8677,Yes,0.7959,0.1127,21398,,,1.69,Yes,No,No,No,Yes,Yes,605739,29904,2441,15721
03/11/2020,ACME North,Loc B,587,233822,27659,17733,16,17,32222,0.52,14250,0.8562,0.4749,0.7355,0.3127,Yes,0.8928,0.2302,22665,,2,2.06,No,Yes,Yes,Yes,No,No,2598554,24547,27437,25901
08/28/2020,ACME North,Loc B,146,301910,47006,21354,16,16,14482,0.15,40569,0.9091,0.9759,0.9148,0.0768,Yes,0.0779,0.6134,27336,,,2.14,Yes,Yes,No,Yes,Yes,No,2956152,18710,1466,3800
04/05/2020,ACME North,Loc C,638,416978,34611,17927,16,11,36899,0.57,36942,0.2132,0.2036,0.2704,0.4357,No,0.0681,0.4334,25534,2,1,2.51,No,No,Yes,Yes,Yes,Yes,899693,20785,5061,2037
06/12/2020,ACME North,Loc C,934,271253,46246,18173,15,18,47809,0.58,27150,0.3086,0.9464,0.5851,0.933,Yes,0.2344,0.2847,29741,,6,2.95,No,No,No,No,No,No,1154460,20316,24051,16346
08/30/2020,ACME North,Loc C,488,455143,26406,18325,10,18,25568,0.68,25345,0.2311,0.1573,0.3745,0.4155,Yes,0.7387,0.5898,24608,5,,1.6,No,No,Yes,No,Yes,No,366387,24626,16572,21666
07/31/2020,ACME North,Loc B,388,539455,32750,15488,16,16,20790,0.04,22098,0.6268,0.0865,0.3388,0.3722,Yes,0.8892,0.9561,23561,,11,2.83,Yes,Yes,No,No,No,No,1939585,17272,8435,22454
03/22/2020,ACME North,Loc B,374,237783,26188,18089,16,11,23898,0.06,31940,0.9378,0.3077,0.5378,0.587,Yes,0.3012,0.1532,27225,,9,1.19,Yes,Yes,No,No,Yes,No,445519,8350,233,25539
03/25/2020,ACME North,Loc C,624,468372,34484,21495,20,18,7600,0.47,40029,0.1533,0.929,0.8942,0.9165,Yes,0.9656,0.3312,27134,,11,2.66,Yes,Yes,Yes,Yes,No,Yes,856935,8437,6620,25214
02/25/2020,ACME North,Loc B,602,316137,51326,14002,18,17,22081,0.65,35224,0.4611,0.5109,0.3055,0.2202,Yes,0.1677,0.1273,25632,,,1.17,No,No,Yes,Yes,No,No,669538,14607,21206,24790
07/13/2020,ACME North,Loc C,756,234869,22979,13283,13,18,10795,0.88,38930,0.6456,0.8896,0.4742,0.0796,Yes,0.6689,0.9021,27860,5,,2.84,Yes,Yes,No,No,No,No,2618394,3923,9207,4868
01/19/2020,ACME North,Loc C,63,426813,48312,23055,10,17,13957,0.45,8315,0.1993,0.7952,0.2377,0.7343,Yes,0.814,0.606,24751,,,1.34,Yes,Yes,No,No,No,No,1394607,8498,13531,12369
07/12/2020,ACME North,Loc C,485,506579,55193,13867,11,14,27304,0.68,26546,0.2706,0.0823,0.5748,0.4339,Yes,0.846,0.9689,24370,,5,2.55,No,Yes,No,No,Yes,Yes,2143574,21200,10230,22657
06/23/2020,ACME North,Loc C,351,506345,31950,14865,11,11,45582,0.75,43072,0.5786,0.3601,0.3229,0.1394,Yes,0.0267,0.7238,27902,,,2.53,No,No,Yes,No,Yes,No,290210,16564,10279,13163
07/23/2020,ACME North,Loc C,579,251058,57483,14064,14,14,36303,0.72,23226,0.6307,0.3517,0.8778,0.1644,Yes,0.7199,0.6947,29058,1,4,1.3,No,No,No,No,No,Yes,1567235,2707,8829,26380
10/02/2020,ACME North,Loc B,499,484834,32549,17357,12,18,49781,0.93,38341,0.959,0.3345,0.0698,0.8616,Yes,0.8206,0.3865,22691,4,,2.69,No,Yes,Yes,No,Yes,No,2385301,4273,18772,1384
05/17/2020,ACME North,Loc B,530,257720,57292,19381,14,14,19352,0.37,9750,0.9718,0.3169,0.928,0.5032,Yes,0.1773,0.2981,26458,,12,2.36,Yes,Yes,Yes,No,Yes,Yes,336677,18026,29591,29587
09/07/2020,ACME North,Loc B,43,464646,36043,18932,15,20,8176,0.05,40924,0.3701,0.7949,0.35,0.3461,Yes,0.4602,0.909,26531,,11,1.22,No,No,Yes,Yes,No,No,250794,10591,9935,10286
08/04/2020,ACME North,Loc C,516,309741,39540,12979,11,14,25375,0.92,38150,0.3998,0.6082,0.1005,0.0428,Yes,0.352,0.2587,28987,,1,2.27,Yes,Yes,Yes,Yes,No,Yes,260084,15971,13790,5151
08/23/2020,ACME North,Loc C,148,275999,49389,20564,18,12,25631,0.74,48941,0.2317,0.4337,0.1851,0.4627,Yes,0.7232,0.1705,25210,,,2.3,Yes,No,No,No,No,No,2562913,12026,13043,13708
04/12/2020,ACME North,Loc B,526,227111,29716,17249,17,11,6982,0.92,9885,0.4443,0.7618,0.5218,0.9678,Yes,0.3888,0.2789,23547,,,2.31,No,No,Yes,No,No,Yes,1093309,22121,10205,15325
09/02/2020,ACME North,Loc C,959,282819,43507,18576,15,10,48726,0.17,40675,0.5161,0.3296,0.4858,0.2594,Yes,0.266,0.8219,24984,,,1.22,No,No,Yes,Yes,Yes,Yes,2190598,16769,22641,16158
03/25/2020,ACME North,Loc B,348,258526,53525,19285,12,14,25398,0.59,25845,0.1066,0.1908,0.3396,0.4332,No,0.0375,0.9379,27072,,,2.08,Yes,Yes,Yes,No,Yes,No,2442399,4288,14415,26803
06/17/2020,ACME North,Loc C,550,215891,24972,20578,20,20,11959,0.86,20258,0.3228,0.7823,0.5192,0.3683,Yes,0.419,0.9947,23974,,,1.5,No,Yes,No,No,Yes,No,342129,24902,26256,22392
08/24/2020,ACME North,Loc A,19,358195,31228,20269,12,19,21091,0.3,38435,0.9297,0.3195,0.9892,0.8784,Yes,0.6831,0.8055,20618,,,1.9,Yes,Yes,No,Yes,No,Yes,554591,24439,10801,8332
05/29/2020,ACME North,Loc B,149,322226,31395,13031,19,10,43927,0.56,22878,0.7648,0.4808,0.0919,0.1432,Yes,0.8914,0.7473,22702,,,2.97,Yes,No,No,Yes,Yes,Yes,1962061,13800,12265,1621
07/01/2020,ACME North,Loc B,874,510223,52992,17999,11,12,36769,1.0,17570,0.4309,0.4375,0.2084,0.8056,Yes,0.6923,0.0322,28274,,11,2.22,No,Yes,No,No,No,No,25229,2007,28033,20799
06/06/2020,ACME North,Loc A,549,439260,58993,13686,18,20,45577,0.36,34115,0.3242,0.3506,0.6966,0.0226,Yes,0.2471,0.8018,29515,,10,1.77,No,Yes,No,No,Yes,No,1247608,7193,29169,20792
02/13/2020,ACME North,Loc C,658,578549,23547,20046,16,13,33778,0.54,31581,0.8026,0.6173,0.6766,0.7439,Yes,0.7048,0.1669,23522,,10,2.52,Yes,Yes,No,Yes,Yes,No,2455868,28413,16106,378
08/23/2020,ACME North,Loc C,915,330328,48109,14676,14,16,32184,0.43,21011,0.1509,0.9587,0.464,0.3161,Yes,0.2852,0.8085,22899,,,2.04,No,No,Yes,Yes,No,Yes,2688838,20971,29075,24067
02/24/2020,ACME North,Loc C,527,410509,30049,13522,12,12,19702,0.2,6965,0.0159,0.5066,0.3368,0.3594,Yes,0.2555,0.0646,21344,,,2.06,Yes,No,No,No,Yes,Yes,1841088,17677,8748,4428
06/09/2020,ACME North,Loc C,106,524701,29173,13001,17,18,37709,0.76,26764,0.4246,0.4669,0.7137,0.3731,Yes,0.5422,0.0536,26229,,,1.1,Yes,No,No,No,No,Yes,2426983,3385,5364,2272
10/24/2020,ACME North,Loc A,199,370002,27699,19368,20,16,39929,0.43,11587,0.3784,0.0401,0.6786,0.5326,Yes,0.195,0.0394,25061,,2,1.38,Yes,Yes,No,Yes,Yes,No,1171861,1574,23769,2344
04/09/2020,ACME North,Loc A,748,395941,23409,21667,19,16,25438,0.95,25035,0.4804,0.1317,0.8554,0.3472,Yes,0.654,0.7901,23597,,,1.24,Yes,Yes,Yes,No,Yes,Yes,2766364,27970,10639,20021
01/15/2020,ACME North,Loc A,696,573001,44668,19249,18,10,45059,0.55,15415,0.4084,0.328,0.4425,0.3582,Yes,0.1896,0.4233,24739,,,2.49,No,No,No,No,No,Yes,1274308,5326,2418,6988
01/10/2020,ACME North,Loc B,933,481618,50814,14117,17,12,33365,0.6,47968,0.9865,0.3645,0.5108,0.2562,Yes,0.987,0.5204,25847,,,2.23,Yes,Yes,No,No,Yes,Yes,1516245,18653,14327,22368
04/18/2020,ACME North,Loc A,556,313926,30764,22552,19,20,24591,0.12,31972,0.552,0.0173,0.2348,0.1354,Yes,0.5535,0.5802,27415,,7,1.68,No,No,No,No,Yes,No,1748077,7320,21980,22312
04/24/2020,ACME North,Loc C,554,501716,55674,19060,18,19,43954,0.58,6278,0.8351,0.9083,0.2606,0.0323,Yes,0.8717,0.8115,25152,,,2.04,No,No,No,Yes,No,No,748431,6319,14855,15753
03/26/2020,ACME North,Loc B,588,504563,38691,12819,20,17,42250,0.33,32983,0.42,0.6769,0.9257,0.96,Yes,0.2768,0.3416,27940,4,,2.77,Yes,Yes,No,Yes,Yes,Yes,1575545,2416,13937,22599
05/26/2020,ACME North,Loc B,768,326696,53603,12783,10,12,37097,0.18,31688,0.8507,0.0214,0.194,0.669,Yes,0.4418,0.0203,26768,,1,1.62,No,Yes,Yes,Yes,Yes,No,1675190,15678,9308,27007
07/29/2020,ACME North,Loc B,151,224819,41325,20659,13,10,9535,0.46,11308,0.1195,0.1157,0.0878,0.3264,Yes,0.9834,0.9846,29446,,4,2.71,No,No,No,Yes,Yes,Yes,2423296,23483,20754,21861
01/11/2020,ACME North,Loc B,997,531068,58817,22959,10,14,10345,0.25,16893,0.2206,0.5248,0.0764,0.3263,Yes,0.3802,0.1237,24691,3,,1.44,Yes,No,No,No,Yes,Yes,2116384,9323,8095,14026
07/06/2020,ACME North,Loc A,981,541340,57980,14673,10,18,8158,0.84,7104,0.6753,0.7385,0.0751,0.7993,Yes,0.0876,0.8963,28890,,,2.29,No,No,No,Yes,Yes,No,2100451,9179,3100,20764
02/25/2020,ACME North,Loc B,605,368045,49601,23445,17,17,5033,0.25,47661,0.0595,0.6536,0.5684,0.0389,Yes,0.1968,0.419,23029,,,2.38,No,Yes,Yes,No,Yes,No,2975572,7438,714,21980
07/05/2020,ACME North,Loc C,767,275304,35395,18642,19,19,10673,0.49,43608,0.6125,0.8837,0.844,0.6157,Yes,0.6164,0.1854,25248,,,2.6,Yes,No,No,No,No,Yes,2671171,9168,21040,2027
08/11/2020,ACME North,Loc B,747,493267,32593,13911,16,19,37937,0.39,26401,0.6485,0.5579,0.6223,0.3153,No,0.4784,0.4641,21102,,4,2.98,No,Yes,Yes,Yes,Yes,Yes,2874908,10540,148,7533
01/01/2020,ACME North,Loc B,383,254748,37482,12514,15,11,45862,0.54,42121,0.9288,0.8345,0.8287,0.5163,Yes,0.1862,0.577,26772,,9,2.87,No,Yes,No,Yes,No,No,536537,7039,19723,5129
08/29/2020,ACME North,Loc B,806,308547,54257,20207,14,20,48141,0.77,6543,0.5015,0.8114,0.9524,0.074,Yes,0.5991,0.9756,26481,,5,1.4,No,Yes,No,No,Yes,No,421551,29395,17193,9887
05/20/2020,ACME North,Loc C,768,234402,44605,20698,11,18,19534,0.9,13971,0.05,0.5864,0.9516,0.405,Yes,0.9647,0.4615,28968,,1,2.74,Yes,No,No,Yes,Yes,Yes,775454,14263,27884,25535
09/14/2020,ACME North,Loc C,517,445855,43341,12609,11,11,11838,0.59,36650,0.4867,0.219,0.2083,0.2025,Yes,0.7725,0.218,29170,,,2.07,Yes,Yes,Yes,No,Yes,Yes,2871885,6240,14925,13637
01/16/2020,ACME North,Loc A,131,499125,38355,16316,12,18,19959,0.33,13593,0.3517,0.3371,0.3676,0.8161,Yes,0.2376,0.0951,23682,,1,1.76,No,Yes,No,Yes,Yes,Yes,528613,4370,23906,6190
05/30/2020,ACME North,Loc C,441,418323,27368,12619,13,14,26264,0.54,39810,0.3038,0.7169,0.1376,0.1825,Yes,0.1646,0.8653,20318,,5,2.45,No,No,Yes,No,Yes,Yes,2653009,25067,11941,2212
01/20/2020,ACME North,Loc C,373,530575,32207,14557,15,20,48305,0.93,35494,0.7809,0.5588,0.4897,0.2633,Yes,0.3255,0.6111,20357,,,1.29,No,No,No,Yes,No,Yes,632542,26954,15175,16380
07/25/2020,ACME North,Loc B,615,548248,44296,20931,20,10,26164,0.53,29170,0.318,0.2902,0.6304,0.5766,Yes,0.0396,0.1342,25940,,7,2.77,No,Yes,No,Yes,Yes,No,2551524,7291,1016,27033
04/28/2020,ACME North,Loc C,605,371300,36622,20663,20,16,7215,0.23,16890,0.0216,0.0123,0.0774,0.7506,Yes,0.9,0.732,24282,2,,1.2,No,No,Yes,Yes,Yes,No,1331962,14578,25240,24718
05/06/2020,ACME North,Loc C,740,395315,26899,14779,12,10,41949,0.02,43791,0.6016,0.4018,0.5563,0.2002,Yes,0.5796,0.374,29478,,5,2.6,Yes,No,Yes,Yes,No,No,2698809,3911,25353,3335
